<?xml version="1.0" encoding="UTF-8"?><?xml-stylesheet type='text/xsl' href='_UpgradeReport_Files/UpgradeReport.xslt'?><UpgradeLog>
<Properties><Property Name="Solution" Value="CoursPOO">
</Property><Property Name="Fichier solution" Value="C:\Users\anquetil\documents\visual studio 2010\Projects\CoursPOO\CoursPOO.sln">
</Property><Property Name="Date" Value="mercredi 1 septembre 2010">
</Property><Property Name="Time" Value="17:21:01">
</Property></Properties><Event ErrorLevel="0" Project="cliWrapper" Source="..\..\..\..\..\..\DATA_ANQUETIL\COURS\4info_CPOOJavaC++\DOC\Wrapper\cliWrapper\cliWrapper\cliWrapper.vcproj" Description="Converting project file 'C:\DATA_ANQUETIL\COURS\4info_CPOOJavaC++\DOC\Wrapper\cliWrapper\cliWrapper\cliWrapper.vcproj'.">
</Event><Event ErrorLevel="1" Project="cliWrapper" Source="..\..\..\..\..\..\DATA_ANQUETIL\COURS\4info_CPOOJavaC++\DOC\Wrapper\cliWrapper\cliWrapper\cliWrapper.vcproj" Description="This application has been updated to include settings related to the User Account Control (UAC) feature of Windows Vista. By default, when run on Windows Vista with UAC enabled, this application is marked to run with the same privileges as the process that launched it. This marking also disables the application from running with virtualization. You can change UAC related settings from the Property Pages of the project.">
</Event><Event ErrorLevel="1" Project="cliWrapper" Source="..\..\..\..\..\..\DATA_ANQUETIL\COURS\4info_CPOOJavaC++\DOC\Wrapper\cliWrapper\cliWrapper\cliWrapper.vcproj" Description="VCWebServiceProxyGeneratorTool is no longer supported. The tool has been removed from your project settings.">
</Event><Event ErrorLevel="0" Project="cliWrapper" Source="..\..\..\..\..\..\DATA_ANQUETIL\COURS\4info_CPOOJavaC++\DOC\Wrapper\cliWrapper\cliWrapper\cliWrapper.vcproj" Description="Web deployment to the local IIS server is no longer supported. The Web Deployment build tool has been removed from your project settings.">
</Event><Event ErrorLevel="1" Project="cliWrapper" Source="..\..\..\..\..\..\DATA_ANQUETIL\COURS\4info_CPOOJavaC++\DOC\Wrapper\cliWrapper\cliWrapper\cliWrapper.vcproj" Description="Attribute 'CopyLocalDependencies' of 'AssemblyReference' is not supported in this version and has been removed during conversion.">
</Event><Event ErrorLevel="1" Project="cliWrapper" Source="..\..\..\..\..\..\DATA_ANQUETIL\COURS\4info_CPOOJavaC++\DOC\Wrapper\cliWrapper\cliWrapper\cliWrapper.vcproj" Description="Attribute 'UseDependenciesInBuild' of 'AssemblyReference' is not supported in this version and has been removed during conversion.">
</Event><Event ErrorLevel="1" Project="cliWrapper" Source="..\..\..\..\..\..\DATA_ANQUETIL\COURS\4info_CPOOJavaC++\DOC\Wrapper\cliWrapper\cliWrapper\cliWrapper.vcproj" Description="Attribute 'CopyLocalDependencies' of 'AssemblyReference' is not supported in this version and has been removed during conversion.">
</Event><Event ErrorLevel="1" Project="cliWrapper" Source="..\..\..\..\..\..\DATA_ANQUETIL\COURS\4info_CPOOJavaC++\DOC\Wrapper\cliWrapper\cliWrapper\cliWrapper.vcproj" Description="Attribute 'UseDependenciesInBuild' of 'AssemblyReference' is not supported in this version and has been removed during conversion.">
</Event><Event ErrorLevel="1" Project="cliWrapper" Source="..\..\..\..\..\..\DATA_ANQUETIL\COURS\4info_CPOOJavaC++\DOC\Wrapper\cliWrapper\cliWrapper\cliWrapper.vcproj" Description="Attribute 'CopyLocalDependencies' of 'AssemblyReference' is not supported in this version and has been removed during conversion.">
</Event><Event ErrorLevel="1" Project="cliWrapper" Source="..\..\..\..\..\..\DATA_ANQUETIL\COURS\4info_CPOOJavaC++\DOC\Wrapper\cliWrapper\cliWrapper\cliWrapper.vcproj" Description="Attribute 'UseDependenciesInBuild' of 'AssemblyReference' is not supported in this version and has been removed during conversion.">
</Event><Event ErrorLevel="0" Project="cliWrapper" Source="..\..\..\..\..\..\DATA_ANQUETIL\COURS\4info_CPOOJavaC++\DOC\Wrapper\cliWrapper\cliWrapper\cliWrapper.vcproj" Description="Done converting to new project file 'C:\DATA_ANQUETIL\COURS\4info_CPOOJavaC++\DOC\Wrapper\cliWrapper\cliWrapper\cliWrapper.vcxproj'.">
</Event><Event ErrorLevel="3" Project="cliWrapper" Source="..\..\..\..\..\..\DATA_ANQUETIL\COURS\4info_CPOOJavaC++\DOC\Wrapper\cliWrapper\cliWrapper\cliWrapper.vcproj" Description="Converted">
</Event></UpgradeLog>